{
    "spider": "./spider.jar",
    "wallpaper": "https://深色壁纸.xxooo.cf/",
    "logo": "https://gitee.com/yu_shan_fei/zby/raw/master/TV/%E6%B4%AA%E5%AE%87TV/0924.gif",
    "sites": [

{"key":"csp_Live2Vod","name":"洪宇《YT》直播(0)","type":3,"playerType":2,"api":"./EXT/JS/lf_live8_min.js","ext":"./EXT/JS/YT.txt"},


{"key":"drjs_直播","name":"洪宇《直播》直播(0)","type":3,"api":"./EXT/JS/直播转点播.js","ext":"洪宇$https://gh.idayer.com/https://raw.githubusercontent.com/frxz751113/IPTVzb1/main/%E9%85%92%E5%BA%97%E6%BA%90.txt#虎斗歪［github双源］$https://gh.idayer.com/https://raw.githubusercontent.com/qq859/cj/main/%E8%99%8E%E6%96%97%E6%AD%AA.m3u#虎斗歪［github单源］$https://gh.idayer.com/https://raw.githubusercontent.com/qq859/cj/main/%E8%99%8E%E7%89%99%E6%96%97%E9%B1%BC%E6%AD%AA%E6%AD%AA.txt&&&https://gitee.com/yu_shan_fei/zby/raw/master/TV/%E6%B4%AA%E5%AE%87TV/HYDIY800X1200.png"},

{"key":"drjs_直播2","name":"洪宇《直播》","type":3,"api":"./EXT/JS/直播转点播.js","ext":"./EXT/JS/直播.js&&&https://gitee.com/yu_shan_fei/zby/raw/master/TV/%E6%B4%AA%E5%AE%87TV/HYDIY800X1200.png"},


        {
            "key": "豆瓣",
            "name": "🤓公众号┃OK猫开发",
            "type": 3,
            "api": "csp_Douban",
            "searchable": 0,
            "changeable": 1
        },
        {
            "key": "配置中心",
            "name": "👨‍🍳‍配置┃中心",
            "type": 3,
            "api": "csp_Config",
            "searchable": 0,
            "changeable": 0,
            "indexs": 0,
            "style": {
                "type": "rect",
                "ratio": 1.43
            }
        },
        {
            "key": "天天",
            "name": "⛅️天天┃直连",
            "type": 3,
            "api": "csp_TianTian",
            "searchable": 1,
            "quickSearch": 1,
            "filterable": 1,
            "timeout": 10
        },
        {
            "key": "酷看",
            "name": "😎酷看┃直连",
            "type": 3,
            "api": "csp_Kkys",
            "searchable": 1,
            "quickSearch": 1,
            "filterable": 1,
            "timeout": 10
        },
        {
            "key": "南瓜",
            "name": "🎃南瓜┃直连",
            "type": 3,
            "api": "csp_Nangua",
            "searchable": 1,
            "quickSearch": 1,
            "filterable": 1,
            "timeout": 10
        },
        {
            "key": "小苹果",
            "name": "🍎苹果┃直连",
            "type": 3,
            "api": "csp_Xpg",
            "searchable": 1,
            "quickSearch": 1,
            "filterable": 1,
            "timeout": 10
        },
        {
            "key": "玩偶",
            "name": "👽玩偶┃4K",
            "type": 3,
            "api": "csp_Wogg",
            "searchable": 1,
            "filterable": 1,
            "changeable": 1,
            "ext": {
                "token": "file://TV/ali_token.txt",
                "wogg": true
            },
            "timeout": 30
        },
        {
            "key": "韩圈",
            "name": "🦄韩圈┃App",
            "type": 3,
            "api": "csp_HanXiaoQuan",
            "playerType": 2,
            "searchable": 1,
            "quickSearch": 1,
            "filterable": 1,
            "timeout": 10
        },
        {
            "key": "厂长",
            "name": "🌸厂长┃直连",
            "type": 3,
            "api": "csp_Czzy",
            "searchable": 1,
            "quickSearch": 1,
            "filterable": 1,
            "timeout": 10
        },
        {
            "key": "荐片",
            "name": "⚔️荐片┃手机",
            "type": 3,
            "api": "csp_Jianpian",
            "searchable": 1,
            "quickSearch": 1,
            "filterable": 1,
            "timeout": 10
        },
        {
            "key": "JOJO",
            "name": "🍭JOJO┃直连",
            "type": 3,
            "api": "csp_Jiohub",
            "searchable": 1,
            "quickSearch": 1,
            "filterable": 1,
            "timeout": 10
        },
        {
            "key": "无忧短剧",
            "name": "🌈无忧┃短剧",
            "type": 3,
            "api": "csp_Duanj",
            "searchable": 1,
            "changeable": 0,
            "style": {
                "type": "rect",
                "ratio": 1.433
            },
            "timeout": 10
        },
        {
            "key": "在线短剧",
            "name": "👌🏻在线┃短剧",
            "type": 3,
            "api": "csp_Duanju",
            "searchable": 1,
            "changeable": 0,
            "style": {
                "type": "rect",
                "ratio": 1.433
            },
            "timeout": 10
        },
        {
            "key": "我的阿里",
            "name": "🐱我的┃阿里",
            "type": 3,
            "api": "csp_MyAli",
            "searchable": 0,
            "quickSearch": 0,
            "filterable": 0,
            "indexs": 0,
            "ext": {
                "token": "file://TV/ali_token.txt"
            },
            "style": {
                "type": "list"
            },
            "timeout": 30
        },
        {
            "key": "我的夸克",
            "name": "🗽我的┃夸克",
            "type": 3,
            "api": "csp_MyQuark",
            "searchable": 0,
            "quickSearch": 0,
            "filterable": 0,
            "indexs": 0,
            "ext": {
                "cookie": "file://TV/quark_cookie.txt"
            },
            "style": {
                "type": "list"
            },
            "timeout": 30
        },
        {
            "key": "阿里合集",
            "name": "🦋阿里┃合集",
            "type": 3,
            "api": "csp_AliShare",
            "searchable": 1,
            "changeable": 0,
            "filterable": 0,
            "indexs": 0,
            "ext": {
                "token": "file://TV/ali_token.txt",
                "share": "file://TV/阿里集合.json"
            },
            "style": {
                "type": "list"
            },
            "timeout": 30
        },
        {
            "key": "团长",
            "name": "🗽团长┃4K",
            "type": 3,
            "api": "csp_Tzfile",
            "searchable": 1,
            "filterable": 1,
            "changeable": 1,
            "ext": {
                "token": "file://TV/ali_token.txt",
                "cookie": "file://TV/quark_cookie.txt"
            },
            "timeout": 25
        },
        {
            "key": "土豆网盘",
            "name": "🥔土豆┃4K",
            "type": 3,
            "api": "csp_Wobg",
            "quickSearch": 1,
            "changeable": 1,
            "filterable": 1,
            "ext": {
                "token": "file://TV/ali_token.txt",
                "cookie": "file://TV/quark_cookie.txt",
                "site": "https://tudou.lvdoui.top"
            },
            "timeout": 25
        },
        {
            "key": "️爱看Bot",
            "name": "⛅️爱看Bot┃直连",
            "type": 3,
            "api": "csp_Ikanbot",
            "searchable": 1,
            "quickSearch": 1,
            "filterable": 1,
            "timeout": 10
        },
        {
            "key": "达达龟js",
            "name": "🐢达达龟┃在线",
            "type": 3,
            "searchable": 1,
            "quickSearch": 1,
            "filterable": 1,
            "api": "./api/drpy2.min.txt?file=drpy2.min.js",
            "ext": "./txt/dadagui.txt",
            "timeout": 15
        },
        {
            "key": "libvio_js",
            "name": "🐰利播┃在线",
            "type": 3,
            "searchable": 1,
            "quickSearch": 1,
            "filterable": 1,
            "api": "./api/drpy2.min.txt?file=drpy2.min.js",
            "ext": "./js/libvio.js",
            "timeout": 15
        },
        {
            "key": "ddys_js",
            "name": "🍄低端┃在线",
            "type": 3,
            "searchable": 1,
            "quickSearch": 1,
            "filterable": 1,
            "api": "./api/drpy2.min.txt?file=drpy2.min.js",
            "ext": "./txt/ddys.txt",
            "timeout": 15
        },
        {
            "key": "yhdm",
            "name": "🌸樱花┃动漫",
            "type": 3,
            "api": "csp_Ying",
            "searchable": 1,
            "quickSearch": 1,
            "filterable": 1,
            "timeout": 15
        },
        {
            "key": "动漫巴士",
            "name": "🚌巴士┃动漫",
            "type": 3,
            "api": "csp_Dm84",
            "searchable": 1,
            "quickSearch": 1,
            "filterable": 1,
            "timeout": 10
        },
        {
            "key": "新6V",
            "name": "🧲新6V┃磁力",
            "type": 3,
            "api": "csp_Xb6v",
            "searchable": 1,
            "changeable": 0,
            "timeout": 20
        },
        {
            "key": "不太灵",
            "name": "🍄不太灵┃磁力",
            "type": 3,
            "api": "csp_Bt0",
            "searchable": 1,
            "changeable": 0,
            "timeout": 20
        },
        {
            "key": "sp360",
            "name": "🐛360┃解析",
            "type": 3,
            "api": "csp_Sp360",
            "searchable": 1,
            "filterable": 1,
            "changeable": 1,
            "timeout": 25
        },
        {
            "key": "快手直播",
            "name": "😎快手┃直播",
            "type": 3,
            "api": "csp_KsLive",
            "searchable": 0,
            "quickSearch": 0,
            "filterable": 1,
            "style": {
                "type": "rect",
                "ratio": 1.433
            },
            "timeout": 10
        },
        {
            "key": "JustLive",
            "name": "📽️网红┃直播",
            "type": 3,
            "api": "csp_JustLive",
            "searchable": 1,
            "changeable": 0,
            "style": {
                "type": "rect",
                "ratio": 1.433
            },
            "timeout": 10
        },
        {
            "key": "haiwaikan",
            "name": "👌🏻海外看┃直连",
            "type": 1,
            "api": "https://haiwaikan.com/api.php/provide/vod",
            "searchable": 1,
            "changeable": 1,
            "timeout": 10,
            "categories": [
                "日本动漫",
                "国产动漫",
                "欧美动漫",
                "国产剧",
                "韩剧",
                "日剧",
                "台剧",
                "泰剧",
                "港剧",
                "欧美剧",
                "动画电影",
                "韩国综艺",
                "国产综艺",
                "日本综艺",
                "欧美综艺",
                "冒险片",
                "剧情片",
                "动作片",
                "同性片",
                "喜剧片",
                "奇幻片",
                "恐怖片",
                "悬疑片",
                "惊悚片",
                "战争片",
                "歌舞片",
                "灾难片",
                "爱情片",
                "犯罪片",
                "科幻片",
                "纪录片",
                "经典片"
            ]
        },
        {
            "key": "星星",
            "name": "⭐️星星┃直连",
            "type": 3,
            "api": "csp_Star",
            "searchable": 1,
            "changeable": 1,
            "timeout": 10
        },
        {
            "key": "泥巴",
            "name": "🛫泥巴┃直连",
            "type": 3,
            "api": "csp_NiNi",
            "searchable": 1,
            "changeable": 1,
            "timeout": 10
        },
        {
            "key": "88看球",
            "name": "⚽88┃看球",
            "type": 3,
            "api": "csp_Kanqiu",
            "searchable": 1,
            "changeable": 0,
            "style": {
                "type": "list"
            },
            "timeout": 10
        },
        {
            "key": "jrsjs",
            "name": "⚽Jrs┃球迷",
            "type": 3,
            "api": "./api/drpy2.min.txt?file=drpy2.min.js",
            "ext": "./js/jrs.js",
            "style": {
                "type": "list"
            },
            "searchable": 0,
            "quickSearch": 0,
            "changeable": 0,
            "timeout": 10,
            "header": {
                "user-agent": "Mozilla/5.0 (Windows NT 10.0; Win64; x64) AppleWebKit/537.36 (KHTML, like Gecko) Chrome/125.0.0.0 Safari/537.36"
            }
        },
        {
            "key": "310js",
            "name": "⚽310┃看球",
            "type": 3,
            "api": "./api/drpy2.min.txt?file=drpy2.min.js",
            "ext": "./txt/310.txt",
            "style": {
                "type": "list"
            },
            "searchable": 0,
            "quickSearch": 0,
            "changeable": 0,
            "timeout": 10
        },
        {
            "key": "虎牙直播js",
            "name": "🐯虎牙┃直播",
            "type": 3,
            "api": "./api/drpy2.min.txt?file=drpy2.min.js",
            "ext": "./js/huyazhibo.js",
            "style": {
                "type": "rect",
                "ratio": 1.755
            },
            "searchable": 0,
            "quickSearch": 0,
            "changeable": 0,
            "timeout": 10
        },
        {
            "key": "斗鱼js",
            "name": "🐟斗鱼┃直播",
            "type": 3,
            "api": "./api/drpy2.min.txt?file=drpy2.min.js",
            "ext": "./js/douyuzhibo.js",
            "style": {
                "type": "rect",
                "ratio": 1.755
            },
            "searchable": 0,
            "quickSearch": 0,
            "changeable": 0,
            "timeout": 10
        },
        {
            "key": "聚短视频js",
            "name": "📽️聚短┃视频",
            "type": 3,
            "api": "./api/drpy2.min.txt?file=drpy2.min.js",
            "ext": "./js/duanshipin.js",
            "searchable": 0,
            "quickSearch": 0,
            "changeable": 0,
            "timeout": 10
        },
        {
            "key": "海洋听书js",
            "name": "🎧海洋┃听书",
            "type": 3,
            "api": "./api/drpy2.min.txt?file=drpy2.min.js",
            "ext": "./js/haiyangtingshu.js",
            "style": {
                "type": "rect",
                "ratio": 1
            },
            "searchable": 0,
            "quickSearch": 0,
            "changeable": 0,
            "timeout": 10
        },
        {
            "key": "bili",
            "name": "🅱哔哔┃合集",
            "type": 3,
            "api": "csp_Bili",
            "searchable": 1,
            "quickSearch": 1,
            "filterable": 1,
            "style": {
                "type": "rect",
                "ratio": 1.433
            },
            "ext": {
                "cookie": "file://TV/bili_cookie.txt",
                "json": "https://raw.gitcode.com/okjackcaptain/kko/raw/main/bili.json"
            },
            "timeout": 20
        },
        {
            "key": "biliych",
            "name": "🅱哔哔┃歌曲",
            "type": 3,
            "api": "csp_Bili",
            "searchable": 1,
            "quickSearch": 1,
            "filterable": 1,
            "style": {
                "type": "rect",
                "ratio": 1.433
            },
            "ext": {
                "cookie": "file://TV/bili_cookie.txt",
                "json": "https://raw.gitcode.com/okjackcaptain/kko/raw/main/biliych.json"
            },
            "timeout": 20
        },
        {
            "key": "csp_AList",
            "name": "🦋AList",
            "type": 3,
            "api": "csp_AList",
            "searchable": 1,
            "filterable": 1,
            "changeable": 0,
            "style": {
                "type": "list"
            },
            "ext": "file://TV/alist.json",
            "timeout": 15
        },
        {
            "key": "纸条",
            "name": "🗞纸条┃搜索",
            "type": 3,
            "api": "csp_XiaoZhiTiao",
            "searchable": 1,
            "filterable": 1,
            "changeable": 0,
            "ext": {
                "token": "file://TV/ali_token.txt"
            },
            "timeout": 15
        },
        {
            "key": "盘Se",
            "name": "🙀盘Se┃搜索",
            "type": 3,
            "api": "csp_PanSearch",
            "searchable": 1,
            "filterable": 0,
            "changeable": 0,
            "ext": {
                "token": "file://TV/ali_token.txt"
            },
            "timeout": 15
        },
        {
            "key": "易搜",
            "name": "😹易搜┃搜索",
            "type": 3,
            "api": "csp_YiSo",
            "searchable": 1,
            "filterable": 0,
            "changeable": 0,
            "ext": {
                "token": "file://TV/ali_token.txt",
                "cookie": "JSESSIONID=FEAFA3BD405267C378C2455FBAD4A704;satoken=0f065aaa-1b6b-4b9b-9910-83a67fb14da2"
            },
            "timeout": 15
        },
        {
            "key": "csp_QuPanSou",
            "name": "🤓趣盘搜┃搜索",
            "type": 3,
            "api": "csp_QuPanSou",
            "searchable": 1,
            "filterable": 1,
            "changeable": 0,
            "ext": {
                "cookie": "file://TV/quark_cookie.txt"
            },
            "timeout": 15
        },
        {
            "key": "csp_Qkpanso",
            "name": "🐚夸克盘搜┃搜索",
            "type": 3,
            "api": "csp_Qkpanso",
            "searchable": 1,
            "filterable": 1,
            "changeable": 0,
            "ext": {
                "cookie": "file://TV/quark_cookie.txt"
            },
            "timeout": 15
        },
        {
            "key": "云盘4K",
            "name": "🤖云盘4K┃搜索",
            "type": 3,
            "api": "csp_Yunpan4k",
            "searchable": 1,
            "filterable": 0,
            "changeable": 0,
            "ext": {
                "token": "file://TV/ali_token.txt",
                "cookie": "file://TV/quark_cookie.txt"
            },
            "timeout": 15
        },
        {
            "key": "影搜",
            "name": "🌸影搜┃搜索",
            "type": 3,
            "api": "csp_Yingso",
            "searchable": 1,
            "filterable": 0,
            "changeable": 0,
            "ext": {
                "token": "file://TV/ali_token.txt",
                "cookie": "file://TV/quark_cookie.txt"
            },
            "timeout": 15
        },
        {
            "key": "push_agent",
            "name": "🛴手机┃推送",
            "type": 3,
            "api": "csp_Push",
            "searchable": 0,
            "filterable": 0,
            "changeable": 0,
            "ext": {
                "token": "file://TV/ali_token.txt",
                "cookie": "file://TV/quark_cookie.txt"
            },
            "timeout": 5
        }
    ],
    "parses": [
        {
            "name": "聚合1",
            "type": 3,
            "url": "Demo"
        },
        {
            "name": "聚合0",
            "type": 3,
            "url": "Web"
        },
        {
            "name": "-777-",
            "type": 0,
            "url": "https://jx.777jiexi.com/player/?url="
        },
        {
            "name": "-8090g-",
            "type": 0,
            "url": "https://www.8090g.cn/jiexi/?url="
        },
        {
            "name": "-ik9-",
            "type": 0,
            "url": "https://yparse.ik9.cc/index.php?url="
        },
        {
            "name": "-杰森-",
            "type": 0,
            "url": "https://jx.jsonplayer.com/player/?url="
        },
        {
            "name": "-阳途-",
            "type": 0,
            "url": "https://jx.yangtu.top/?url="
        },
        {
            "name": "-冰豆-",
            "type": 0,
            "url": "https://bd.jx.cn/?url="
        },
        {
            "name": "-m3u8TV-",
            "type": 0,
            "url": "https://jx.m3u8.tv/jiexi/?url="
        },
        {
            "name": "-听乐-",
            "type": 0,
            "url": "https://jx.dj6u.com/?url="
        },
        {
            "name": "-虾米-",
            "type": 0,
            "url": "https://jx.xmflv.com/?url="
        },
        {
            "name": "-虾米2-",
            "type": 0,
            "url": "https://jx.xmflv.cc/?url="
        },
        {
            "name": "-云析-",
            "type": 0,
            "url": "https://jx.yparse.com/index.php?url="
        },
        {
            "name": "-红狐-",
            "type": 0,
            "url": "https://player.mrgaocloud.com/player/?url="
        }
    ],
    "doh": [
        {
            "name": "Google",
            "url": "https://dns.google/dns-query",
            "ips": [
                "8.8.4.4",
                "8.8.8.8"
            ]
        },
        {
            "name": "Cloudflare",
            "url": "https://cloudflare-dns.com/dns-query",
            "ips": [
                "1.1.1.1",
                "1.0.0.1",
                "2606:4700:4700::1111",
                "2606:4700:4700::1001"
            ]
        },
        {
            "name": "AdGuard",
            "url": "https://dns.adguard.com/dns-query",
            "ips": [
                "94.140.14.140",
                "94.140.14.141"
            ]
        },
        {
            "name": "DNSWatch",
            "url": "https://resolver2.dns.watch/dns-query",
            "ips": [
                "84.200.69.80",
                "84.200.70.40"
            ]
        },
        {
            "name": "Quad9",
            "url": "https://dns.quad9.net/dns-quer",
            "ips": [
                "9.9.9.9",
                "149.112.112.112"
            ]
        }
    ],
    "ads": [
        "mozai.4gtv.tv"
    ],
    "lives": [
{"name":"［github双源logo］","type":0,"url":"https://gh.idayer.com/https://raw.githubusercontent.com/qq859/cj/main/%E8%99%8E%E6%96%97%E6%AD%AAlogo.m3u","ua":"okhttp/3.15","logo":"https://gitee.com/yu_shan_fei/zby/raw/master/TV/%E6%B4%AA%E5%AE%87TV/HYDIY800X1200.png"},


{"name":"［github双源］","type":0,"url":"https://gh.idayer.com/https://raw.githubusercontent.com/qq859/cj/main/%E8%99%8E%E6%96%97%E6%AD%AA.m3u","ua":"okhttp/3.15","logo":"https://github.moeyy.xyz/https://raw.githubusercontent.com/qq859/cj/main/%E5%9B%BE%E7%89%87/HYDIY.png"},

{"name":"洪宇的虎斗歪","type":0,"url":"https://gh.idayer.com/https://raw.githubusercontent.com/qq859/cj/main/%E8%99%8E%E7%89%99%E6%96%97%E9%B1%BC%E6%AD%AA%E6%AD%AA.txt","ua":"okhttp/3.15","logo":"https://gitee.com/yu_shan_fei/zby/raw/master/TV/%E6%B4%AA%E5%AE%87TV/HYDIY800X1200.png"},

{"name":"实时更新V4咪咕电影","type":0,"url":"https://gh.idayer.com/https://raw.githubusercontent.com/xxoo-qx/IPTV/main/IPTV.m3u","ua":"okhttp/3.15","logo":"https://gitee.com/yu_shan_fei/zby/raw/master/TV/%E6%B4%AA%E5%AE%87TV/HYDIY800X1200.png"},

{"name":"V4V6","type":0,"url":"https://cors.isteed.cc/https://gh.idayer.com/https://raw.githubusercontent.com/lqtv/lqtv.github.io/main/m3u/tv.m3u","ua":"okhttp/3.15","logo":"https://gitee.com/yu_shan_fei/zby/raw/master/TV/%E6%B4%AA%E5%AE%87TV/HYDIY800X1200.png"},

{"name":"酒店V4","type":0,"url":"https://gh.idayer.com/https://raw.githubusercontent.com/cymz6/AutoIPTV-Hotel/main/lives.txt","ua":"okhttp/3.15","logo":"https://gitee.com/yu_shan_fei/zby/raw/master/TV/%E6%B4%AA%E5%AE%87TV/HYDIY800X1200.png"},

{"name":"网络电视","type":0,"url":"https://gh.idayer.com/https://raw.githubusercontent.com/MercuryZz/IPTVN/Files/IPTV.m3u","ua":"okhttp/3.15","epg":"http://epg.112114.xyz/?ch={name}&date={date}","logo":"https://epg.112114.xyz/logo/{name}.png"},
{"name":"洪宇IPV6","type":0,"url":"https://gh.idayer.com/https://raw.githubusercontent.com/fenxp/iptv/main/live/ipv6.txt","ua":"Mozilla/5.0 (Windows NT 10.0; Win64; x64) AppleWebKit/537.36 (KHTML, like Gecko) Chrome/120.0.0.0 Safari/537.36 Edg/120.0.0.0"}
],
    "ijk": [
        {
            "group": "软解码",
            "options": [
                {
                    "category": 4,
                    "name": "opensles",
                    "value": "0"
                },
                {
                    "category": 4,
                    "name": "overlay-format",
                    "value": "842225234"
                },
                {
                    "category": 4,
                    "name": "framedrop",
                    "value": "1"
                },
                {
                    "category": 4,
                    "name": "soundtouch",
                    "value": "1"
                },
                {
                    "category": 4,
                    "name": "start-on-prepared",
                    "value": "1"
                },
                {
                    "category": 1,
                    "name": "http-detect-range-support",
                    "value": "0"
                },
                {
                    "category": 1,
                    "name": "fflags",
                    "value": "fastseek"
                },
                {
                    "category": 2,
                    "name": "skip_loop_filter",
                    "value": "48"
                },
                {
                    "category": 4,
                    "name": "reconnect",
                    "value": "1"
                },
                {
                    "category": 4,
                    "name": "enable-accurate-seek",
                    "value": "0"
                },
                {
                    "category": 4,
                    "name": "mediacodec",
                    "value": "0"
                },
                {
                    "category": 4,
                    "name": "mediacodec-auto-rotate",
                    "value": "0"
                },
                {
                    "category": 4,
                    "name": "mediacodec-handle-resolution-change",
                    "value": "0"
                },
                {
                    "category": 4,
                    "name": "mediacodec-hevc",
                    "value": "0"
                },
                {
                    "category": 1,
                    "name": "dns_cache_timeout",
                    "value": "600000000"
                }
            ]
        },
        {
            "group": "硬解码",
            "options": [
                {
                    "category": 4,
                    "name": "opensles",
                    "value": "0"
                },
                {
                    "category": 4,
                    "name": "overlay-format",
                    "value": "842225234"
                },
                {
                    "category": 4,
                    "name": "framedrop",
                    "value": "1"
                },
                {
                    "category": 4,
                    "name": "soundtouch",
                    "value": "1"
                },
                {
                    "category": 4,
                    "name": "start-on-prepared",
                    "value": "1"
                },
                {
                    "category": 1,
                    "name": "http-detect-range-support",
                    "value": "0"
                },
                {
                    "category": 1,
                    "name": "fflags",
                    "value": "fastseek"
                },
                {
                    "category": 2,
                    "name": "skip_loop_filter",
                    "value": "48"
                },
                {
                    "category": 4,
                    "name": "reconnect",
                    "value": "1"
                },
                {
                    "category": 4,
                    "name": "enable-accurate-seek",
                    "value": "0"
                },
                {
                    "category": 4,
                    "name": "mediacodec",
                    "value": "1"
                },
                {
                    "category": 4,
                    "name": "mediacodec-auto-rotate",
                    "value": "1"
                },
                {
                    "category": 4,
                    "name": "mediacodec-handle-resolution-change",
                    "value": "1"
                },
                {
                    "category": 4,
                    "name": "mediacodec-hevc",
                    "value": "1"
                },
                {
                    "category": 1,
                    "name": "dns_cache_timeout",
                    "value": "600000000"
                }
            ]
        }
    ],
    "rules": [
        {
            "name": "proxy",
            "hosts": [
                "raw.githubusercontent.com",
                "googlevideo.com",
                "cdn.v82u1l.com",
                "cdn.iz8qkg.com",
                "cdn.kin6c1.com",
                "c.biggggg.com",
                "c.olddddd.com",
                "haiwaikan.com",
                "www.histar.tv",
                "youtube.com",
                "uhibo.com",
                ".*boku.*",
                ".*nivod.*",
                ".*ulivetv.*"
            ]
        },
        {
            "name": "cl",
            "hosts": [
                "magnet"
            ],
            "regex": [
                "最 新",
                "直 播",
                "更 新"
            ]
        },
        {
            "name": "火山嗅探",
            "hosts": [
                "huoshan.com"
            ],
            "regex": [
                "item_id="
            ]
        },
        {
            "name": "抖音嗅探",
            "hosts": [
                "douyin.com"
            ],
            "regex": [
                "is_play_url="
            ]
        },
        {
            "name": "农民嗅探",
            "hosts": [
                "toutiaovod.com"
            ],
            "regex": [
                "video/tos/cn"
            ]
        },
        {
            "name": "七新嗅探",
            "hosts": [
                "api.52wyb.com"
            ],
            "regex": [
                "m3u8?pt=m3u8"
            ]
        },
        {
            "name": "夜市",
            "hosts": [
                "yeslivetv.com"
            ],
            "script": [
                "document.getElementsByClassName('vjs-big-play-button')[0].click()"
            ]
        },
        {
            "name": "毛驴",
            "hosts": [
                "www.maolvys.com"
            ],
            "script": [
                "document.getElementsByClassName('swal-button swal-button--confirm')[0].click()"
            ]
        },
        {
            "name": "czzy",
            "hosts": [
                "10086.cn"
            ],
            "regex": [
                "/storageWeb/servlet/downloadServlet"
            ]
        },
        {
            "name": "bdys",
            "hosts": [
                "bytetos.com",
                "byteimg.com",
                "bytednsdoc.com",
                "pstatp.com"
            ],
            "regex": [
                "/tos-cn"
            ],
            "exclude": [
                ".m3u8"
            ]
        },
        {
            "name": "bdys10",
            "hosts": [
                "bdys10.com"
            ],
            "regex": [
                "/obj/"
            ],
            "exclude": [
                ".m3u8"
            ]
        }
    ]
}